"MP Name","Constituency","State","House","Allocated Amount (₹)","Total Expenditure (₹)","Utilization %","Completed Works","Recommended Works","Completion Rate %","Unspent Amount (₹)","Transaction Count","Successful Payments","Pending Payments","Average Rating"
"S SUPONGMEREN JAMIR","NAGALAND","Nagaland","Lok Sabha",147000000,138150000,93.98,38,18,67.86,8850000,81,81,0,"N/A"
"VIJAYLAKSHMI DEVI","SIWAN","Bihar","Lok Sabha",147000000,134748616,91.67,95,87,52.2,12251384,142,120,22,"N/A"
"Smt Veena Devi ","VAISHALI","Bihar","Lok Sabha",147000000,131108889,89.19,30,29,50.85,15891111,49,49,0,"N/A"
"Shri Arun Kumar Sagar ","SHAHJAHANPUR","Uttar Pradesh","Lok Sabha",147000000,130143000,88.53,4,3,57.14,16857000,44,44,0,"N/A"
"Ashok Kumar Rawat","MISRIKH","Uttar Pradesh","Lok Sabha",147000000,121139986,82.41,2,3,40,25860014,32,24,8,"N/A"
"SUKHDEO BHAGAT","LOHARDAGA","Jharkhand","Lok Sabha",171821957.11,138586757,80.66,80,204,28.17,33235200.110000014,358,353,5,"N/A"
"Pradeep Kumar Singh","ARARIA","Bihar","Lok Sabha",147000000,118278146,80.46,39,47,45.35,28721854,68,68,0,"N/A"
"Giridhari Yadav","BANKA","Bihar","Lok Sabha",147000000,114805889,78.1,85,35,70.83,32194111,96,96,0,"N/A"
"Mukesh Rajput","FARRUKHABAD","Uttar Pradesh","Lok Sabha",147000000,108417412,73.75,246,49,83.39,38582588,367,367,0,"N/A"
"Ramprit Mandal","JHANJHARPUR","Bihar","Lok Sabha",147000000,107510581,73.14,89,91,49.44,39489419,104,104,0,"N/A"
"RAM PRASAD CHAUDHARY","BASTI","Uttar Pradesh","Lok Sabha",204176957.11,148429426,72.7,37,146,20.22,55747531.110000014,239,238,1,1
"ANDREW J. SYNGKON","SHILLONG","Meghalaya","Lok Sabha",98000000,70355000,71.79,96,146,39.67,27645000,320,318,2,"N/A"
"DR. RAJESH MISHRA","SIDHI","Madhya Pradesh","Lok Sabha",262724510.35,184783789,70.33,172,169,50.44,77940721.35,654,633,21,"N/A"
"MALAIYARASAN D","KALLAKURICHI","Tamil Nadu","Lok Sabha",176686299,121901141,68.99,198,191,50.9,54785158,204,204,0,"N/A"
"Bhola Singh","BULANDSHAHR","Uttar Pradesh","Lok Sabha",147000000,101017522,68.72,142,148,48.97,45982478,250,200,50,"N/A"
"Pradyut Bordoloi","NOWGONG","Assam","Lok Sabha",98000000,67125657,68.5,13,202,6.05,30874343,471,459,12,"N/A"
"ARUN BHARTI","JAMUI","Bihar","Lok Sabha",194924621.11,132119553,67.78,218,110,66.46,62805068.110000014,305,264,41,"N/A"
"Shri Tapir Gao","ARUNACHAL EAST","Arunachal Pradesh","Lok Sabha",147000000,98534470,67.03,106,58,64.63,48465530,199,195,4,"N/A"
"SUDHAKAR SINGH","BUXAR","Bihar","Lok Sabha",185211956.54,123581875,66.72,98,106,48.04,61630081.53999999,176,175,1,"N/A"
"ANOOP PRADHAN BALMIKI","HATHRAS","Uttar Pradesh","Lok Sabha",147000000,97915147,66.61,69,37,65.09,49084853,141,141,0,"N/A"
"NEERAJ MAURYA","AONLA","Uttar Pradesh","Lok Sabha",147000000,97488644,66.32,17,19,47.22,49511356,101,101,0,"N/A"
"THARANIVENTHAN M S","ARANI","Tamil Nadu","Lok Sabha",168337124.35,111315790,66.13,180,137,56.78,57021334.349999994,214,214,0,"N/A"
"SALENG A SANGMA","TURA","Meghalaya","Lok Sabha",147000000,96785000,65.84,119,218,35.31,50215000,424,420,4,"N/A"
"RAJ BHUSHAN CHOUDHARY","MUZAFFARPUR","Bihar","Lok Sabha",147000000,96375137,65.56,77,43,64.17,50624863,90,90,0,"N/A"
"Rajkumar Chahar ","FATEHPUR SIKRI","Uttar Pradesh","Lok Sabha",147000000,96369831,65.56,45,5,90,50630169,92,92,0,"N/A"
"DR. LATA WANKHEDE","SAGAR","Madhya Pradesh","Lok Sabha",147000000,95996591,65.3,81,155,34.32,51003409,250,244,6,"N/A"
"DR RANI SRI KUMAR","TENKASI","Tamil Nadu","Lok Sabha",153060922.82,99919930,65.28,102,58,63.75,53140992.81999999,123,123,0,"N/A"
"AKSHAYA YADAV","FIROZABAD","Uttar Pradesh","Lok Sabha",147000000,95931875,65.26,37,6,86.05,51068125,83,83,0,"N/A"
"KAMLESH JANGDE","JANJGIR CHAMPA","Chhattisgarh","Lok Sabha",150384382.11,98097656,65.23,254,90,73.84,52286726.110000014,599,596,3,"N/A"
"CHHATRA PAL SINGH GANGWAR","BAREILLY","Uttar Pradesh","Lok Sabha",147000000,95712065,65.11,142,44,76.34,51287935,290,290,0,"N/A"
"MANOJ KUMAR","SASARAM","Bihar","Lok Sabha",147000000,95686097,65.09,82,112,42.27,51313903,122,120,2,"N/A"
"Pankaj Chowdhary","MAHARAJGANJ","Uttar Pradesh","Lok Sabha",147000000,95676373,65.09,31,30,50.82,51323627,94,94,0,"N/A"
"KARAN BHUSHAN SINGH","KAISERGANJ","Uttar Pradesh","Lok Sabha",147000000,95454825,64.94,33,75,30.56,51545175,145,143,2,"N/A"
"RICHARD VANLALHMANGAIHA","MIZORAM","Mizoram","Lok Sabha",147000000,94866729,64.54,134,132,50.38,52133271,317,316,1,"N/A"
"Indra Hang Subba","SIKKIM","Sikkim","Lok Sabha",152003923.11,98023420,64.49,38,81,31.93,53980503.110000014,80,80,0,"N/A"
"ANGOMCHA BIMOL AKOIJAM","INNER MANIPUR","Manipur","Lok Sabha",147000000,93860392,63.85,21,29,42,53139608,67,66,1,"N/A"
"JITENDRA KUMAR DOHARE","ETAWAH","Uttar Pradesh","Lok Sabha",188747306.26,119571988,63.35,192,322,37.35,69175318.25999999,518,518,0,"N/A"
"GAIKWAD VARSHA EKNATH","MUMBAI NORTH-CENTRAL","Maharashtra","Lok Sabha",147000000,92563767,62.97,0,57,0,54436233,54,51,3,"N/A"
"SK NURUL ISLAM","BASIRHAT","West Bengal","Lok Sabha",49000000,30740105,62.73,6,26,18.75,18259895,21,21,0,"N/A"
"Rodmal Nagar ","RAJGARH","Madhya Pradesh","Lok Sabha",147000000,92107905,62.66,54,301,15.21,54892095,265,265,0,"N/A"
"AWADHESH PRASAD","FAIZABAD","Uttar Pradesh","Lok Sabha",147000000,92097873,62.65,97,106,47.78,54902127,288,242,46,"N/A"
"PRAVEEN PATEL","PHULPUR","Uttar Pradesh","Lok Sabha",151559884.09,94736988,62.51,14,10,58.33,56822896.09,36,35,1,"N/A"
"RAKESH RATHOR","SITAPUR","Uttar Pradesh","Lok Sabha",147000000,91524162,62.26,21,50,29.58,55475838,105,104,1,"N/A"
"SARABJEET SINGH KHALSA","FARIDKOT","Punjab","Lok Sabha",150850348.15,93855473,62.22,227,389,36.85,56994875.150000006,703,699,4,"N/A"
"SHER SINGH GHUBAYA","FIROZPUR","Punjab","Lok Sabha",147000000,91425989,62.19,361,34,91.39,55574011,450,450,0,"N/A"
"CHHOTELAL","ROBERTSGANJ","Uttar Pradesh","Lok Sabha",147000000,90952339,61.87,261,174,60,56047661,728,724,4,"N/A"
"Dinesh Chandra Yadav","MADHEPURA","Bihar","Lok Sabha",150070866.11,92486814,61.63,105,51,67.31,57584052.110000014,113,113,0,"N/A"
"SACHITHANANTHAM R","DINDIGUL","Tamil Nadu","Lok Sabha",147000000,90527072,61.58,50,84,37.31,56472928,86,84,2,"N/A"
"Manickam Tagore B","VIRUDHUNAGAR","Tamil Nadu","Lok Sabha",147000000,90165437,61.34,69,19,78.41,56834563,93,92,1,"N/A"
"Prof SP Singh Baghel","AGRA","Uttar Pradesh","Lok Sabha",147000000,90115338,61.3,55,55,50,56884662,127,127,0,"N/A"
"Shri Karti P Chidambaram ","SIVAGANGA","Tamil Nadu","Lok Sabha",159049284.11,97237605,61.14,117,67,63.59,61811679.110000014,145,145,0,"N/A"
"Asit Kumar Mal ","BOLPUR","West Bengal","Lok Sabha",275694456.74,167302248,60.68,134,68,66.34,108392208.74000001,156,153,3,"N/A"
"Dr Mohammad Jawed","KISHANGANJ","Bihar","Lok Sabha",148669229.11,89065400,59.91,130,74,63.73,59603829.110000014,138,138,0,"N/A"
"BHARTI PARDHI","BALAGHAT","Madhya Pradesh","Lok Sabha",154398389.01,92426127,59.86,80,85,48.48,61972262.00999999,491,485,6,"N/A"
"Shri Satish Kumar Gautam ","ALIGARH","Uttar Pradesh","Lok Sabha",147000000,87713538,59.67,21,55,27.63,59286462,127,127,0,"N/A"
"Kiren Rijiju","ARUNACHAL WEST","Arunachal Pradesh","Lok Sabha",147000000,87533016,59.55,114,17,87.02,59466984,162,155,7,"N/A"
"Sanjay Seth ","RANCHI","Jharkhand","Lok Sabha",147064357.11,87528580,59.52,49,101,32.67,59535777.110000014,238,232,6,"N/A"
"Dileshwar Kamait ","SUPAUL","Bihar","Lok Sabha",150450930.89,89329681,59.37,46,85,35.11,61121249.889999986,76,71,5,"N/A"
"K E PRAKASH","ERODE","Tamil Nadu","Lok Sabha",147000000,87182728,59.31,141,101,58.26,59817272,148,147,1,"N/A"
"CHANDRA SHEKHAR","NAGINA","Uttar Pradesh","Lok Sabha",147000000,87033825,59.21,286,227,55.75,59966175,893,784,109,"N/A"
"Janardan Mishra","REWA","Madhya Pradesh","Lok Sabha",147000000,86935425,59.14,1,106,0.93,60064575,78,76,2,"N/A"
"CN Annadurai","TIRUVANNAMALAI","Tamil Nadu","Lok Sabha",148579509.11,87500808,58.89,171,23,88.14,61078701.110000014,180,180,0,"N/A"
"Suresh Kumar Kashyap","SHIMLA","Himachal Pradesh","Lok Sabha",153563957.11,90424211,58.88,83,446,15.69,63139746.110000014,591,586,5,"N/A"
"VIRENDRA SINGH","CHANDAULI","Uttar Pradesh","Lok Sabha",147000000,86345853,58.74,13,22,37.14,60654147,49,45,4,"N/A"
"NALIN SOREN","DUMKA","Jharkhand","Lok Sabha",147364097.11,86550781,58.73,106,319,24.94,60813316.110000014,289,289,0,"N/A"
"LALJI VERMA","AMBEDKAR NAGAR","Uttar Pradesh","Lok Sabha",147000000,86165424,58.62,61,202,23.19,60834576,287,280,7,"N/A"
"Jai Prakash","HARDOI","Uttar Pradesh","Lok Sabha",147000000,85755277,58.34,3,21,12.5,61244723,47,47,0,"N/A"
"ADITYA YADAV","BADAUN","Uttar Pradesh","Lok Sabha",147000000,85488147,58.16,41,64,39.05,61511853,186,162,24,"N/A"
"Ganesan Selvam","KANCHEEPURAM","Tamil Nadu","Lok Sabha",186508749.11,108395338,58.12,272,177,60.58,78113411.11000001,289,288,1,"N/A"
"RAMBHUAL NISHAD","SULTANPUR","Uttar Pradesh","Lok Sabha",151231957.11,87473694,57.84,6,46,11.54,63758263.110000014,26,24,2,"N/A"
"ALFRED KANNGAM S ARTHUR","OUTER MANIPUR","Manipur","Lok Sabha",147000000,84951963,57.79,15,20,42.86,62048037,72,70,2,"N/A"
"Durga Das Uikey ","BETUL","Madhya Pradesh","Lok Sabha",151569502.91,85636977,56.5,288,214,57.37,65932525.91,437,435,2,"N/A"
"TANUJ PUNIA","BARABANKI","Uttar Pradesh","Lok Sabha",148198170.11,83397272,56.27,13,20,39.39,64800898.110000014,30,30,0,"N/A"
"Arvind Dharmapuri","NIZAMABAD","Telangana","Lok Sabha",281396355.11,158096817,56.18,476,440,51.97,123299538.11000001,526,525,1,"N/A"
"DAROGA PRASAD SAROJ","LALGANJ","Uttar Pradesh","Lok Sabha",147000000,82499872,56.12,58,236,19.73,64500128,282,185,97,"N/A"
"Mahesh Sharma","GAUTAM BUDDHA NAGAR","Uttar Pradesh","Lok Sabha",148816284.11,83408358,56.05,68,103,39.77,65407926.110000014,130,126,4,"N/A"
"V S Matheswaran","NAMAKKAL","Tamil Nadu","Lok Sabha",162539930.11,90580955,55.73,139,70,66.51,71958975.11000001,141,137,4,"N/A"
"K Subbarayan","TIRUPPUR","Tamil Nadu","Lok Sabha",147000000,81901423,55.72,65,53,55.08,65098577,75,75,0,"N/A"
"DEVESH SHAKYA","ETAH","Uttar Pradesh","Lok Sabha",147000000,81351075,55.34,220,106,67.48,65648925,581,581,0,"N/A"
"Gyaneshwar Patil","KHANDWA","Madhya Pradesh","Lok Sabha",155690684.77,86011926,55.25,164,222,42.49,69678758.77000001,459,458,1,"N/A"
"SHASHANK MANI","DEORIA","Uttar Pradesh","Lok Sabha",147000000,80936917,55.06,45,81,35.71,66063083,142,133,9,"N/A"
"CHANDAN CHAUHAN","BIJNOR","Uttar Pradesh","Lok Sabha",147000000,80796698,54.96,14,102,12.07,66203302,209,188,21,"N/A"
"Shri Narendra Modi","VARANASI","Uttar Pradesh","Lok Sabha",162070276.11,88819703,54.8,191,25,88.43,73250573.11000001,191,155,36,"N/A"
"TARIQ ANWAR","KATIHAR","Bihar","Lok Sabha",147000000,79735060,54.24,60,26,69.77,67264940,82,77,5,"N/A"
"Vijay Kumar Dubey","KUSHI NAGAR","Uttar Pradesh","Lok Sabha",148900000,80256423,53.9,132,90,59.46,68643577,324,322,2,"N/A"
"SAVITRI THAKUR","DHAR","Madhya Pradesh","Lok Sabha",147000000,78825366,53.62,179,160,52.8,68174634,479,432,47,"N/A"
"KANWAR SINGH TANWAR","AMROHA","Uttar Pradesh","Lok Sabha",147000000,78135018,53.15,59,46,56.19,68864982,81,81,0,"N/A"
"Smt Harsimrat Kaur Badal","BHATINDA","Punjab","Lok Sabha",159775982.39,84901458,53.14,144,206,41.14,74874524.38999999,1471,1410,61,"N/A"
"Vishnu Dayal Ram","PALAMU","Jharkhand","Lok Sabha",158176083.11,83852477,53.01,117,154,43.17,74323606.11000001,333,332,1,"N/A"
"KALI CHARAN MUNDA","KHUNTI","Jharkhand","Lok Sabha",147000000,77772545,52.91,31,274,10.16,69227455,240,240,0,"N/A"
"D Ravikumar ","VILUPPURAM","Tamil Nadu","Lok Sabha",197598306.11,104427486,52.85,222,66,77.08,93170820.11000001,229,225,4,"N/A"
"Shri Anil Firojiya","UJJAIN","Madhya Pradesh","Lok Sabha",147000000,77451399,52.69,152,96,61.29,69548601,290,286,4,"N/A"
"Shankar Lalwani","INDORE","Madhya Pradesh","Lok Sabha",147000000,76896131,52.31,145,137,51.42,70103869,272,260,12,"N/A"
"ANAND BHADAURIYA","DHAURAHRA","Uttar Pradesh","Lok Sabha",147000000,76758938,52.22,132,45,74.58,70241062,360,359,1,"N/A"
"Kalyan Banerjee","SREERAMPUR","West Bengal","Lok Sabha",147000000,76719145,52.19,83,37,69.17,70280855,110,110,0,"N/A"
"Sasikanth Senthil","TIRUVALLUR","Tamil Nadu","Lok Sabha",171500000,89433784,52.15,87,95,47.8,82066216,133,129,4,"N/A"
"DAGGUMALLA PRASADA RAO","CHITTOOR","Andhra Pradesh","Lok Sabha",147000000,76341346,51.93,111,115,49.12,70658654,156,156,0,"N/A"
"MURASOLI S","THANJAVUR","Tamil Nadu","Lok Sabha",147000000,76201785,51.84,45,44,50.56,70798215,71,69,2,"N/A"
"Mr Gopal Jee Thakur","DARBHANGA","Bihar","Lok Sabha",147000000,75767756,51.54,59,120,32.96,71232244,156,156,0,"N/A"
"RAMESH AWASTHI","KANPUR","Uttar Pradesh","Lok Sabha",147000000,75758324,51.54,48,66,42.11,71241676,98,77,21,"N/A"
"Bidyut Baran Mahato","JAMSHEDPUR","Jharkhand","Lok Sabha",147000000,75745972,51.53,2,176,1.12,71254028,189,189,0,"N/A"
"MALVINDER SINGH KANG","ANANDPUR SAHIB","Punjab","Lok Sabha",147000000,75589623,51.42,109,236,31.59,71410377,758,739,19,"N/A"
"VINOD KUMAR BIND","BHADOHI","Uttar Pradesh","Lok Sabha",147000000,75517267,51.37,407,137,74.82,71482733,525,418,107,"N/A"
"Ajay Kumar Mandal","BHAGALPUR","Bihar","Lok Sabha",147000000,75252620,51.19,38,36,51.35,71747380,71,71,0,"N/A"
"DR. RAJ KUMAR CHABBEWAL","HOSHIARPUR","Punjab","Lok Sabha",147000000,75095197,51.09,93,186,33.33,71904803,1254,1242,12,"N/A"
"UTKARSH VERMA MADHUR","KHERI","Uttar Pradesh","Lok Sabha",147000000,74909150,50.96,347,13,96.39,72090850,699,697,2,"N/A"
"KRISHNA DEVI SHIVSHANKER PATEL","BANDA","Uttar Pradesh","Lok Sabha",147000000,74835215.67,50.91,202,240,45.7,72164784.33,329,328,1,"N/A"
"MOHIBBULLAH","RAMPUR","Uttar Pradesh","Lok Sabha",147000000,74744421,50.85,219,161,57.63,72255579,344,300,44,"N/A"
"Pratima Mondal ","JOYNAGAR","West Bengal","Lok Sabha",147000000,74379705,50.6,169,54,75.78,72620295,185,185,0,"N/A"
"RAJESH VERMA","KHAGARIA","Bihar","Lok Sabha",147000000,74186362,50.47,67,9,88.16,72813638,69,69,0,"N/A"
"RADHE SHYAM RATHIYA","RAIGARH","Chhattisgarh","Lok Sabha",159706972.09,80152296,50.19,72,66,52.17,79554676.09,211,209,2,"N/A"
"PRABHAKAR REDDY VEMIREDDY","NELLORE","Andhra Pradesh","Lok Sabha",147000000,73610054,50.07,123,34,78.34,73389946,136,135,1,"N/A"
"ABHAY KUMAR SINHA","AURANGABAD","Bihar","Lok Sabha",147000000,72972894,49.64,124,147,45.76,74027106,158,156,2,"N/A"
"ROOP KUMARI CHOUDHARY","MAHASAMUND","Chhattisgarh","Lok Sabha",153035414,75772172,49.51,72,107,40.22,77263242,249,243,6,"N/A"
"RAJESH RANJAN ALIAS PAPPU YADAV","PURNEA","Bihar","Lok Sabha",147000000,72622818,49.4,46,125,26.9,74377182,76,76,0,"N/A"
"BALRAM NAIK PORIKA","MAHABUBABAD","Telangana","Lok Sabha",147000000,72320239,49.2,238,121,66.3,74679761,292,292,0,"N/A"
"Gumma Thanuja Rani","ARAKU","Andhra Pradesh","Lok Sabha",149458905.11,73149314,48.94,28,104,21.21,76309591.11000001,90,86,4,"N/A"
"Kalanidhi Veeraswamy","CHENNAI NORTH","Tamil Nadu","Lok Sabha",171500000,83933669,48.94,40,60,40,87566331,57,57,0,"N/A"
"RAJA RAM SINGH","KARAKAT","Bihar","Lok Sabha",147000000,71841783,48.87,114,212,34.97,75158217,191,187,4,"N/A"
"KALIPADA SAREN","JHARGRAM","West Bengal","Lok Sabha",147000000,71784126,48.83,40,23,63.49,75215874,49,48,1,"N/A"
"Shri Abhishek Banerjee","DIAMOND HARBOUR","West Bengal","Lok Sabha",147000000,71510891,48.65,200,120,62.5,75489109,262,260,2,"N/A"
"Andimuthu Raja","NILGIRIS","Tamil Nadu","Lok Sabha",147000000,71485310,48.63,73,41,64.04,75514690,87,87,0,"N/A"
"M.K. VISHNUPRASAD","CUDDALORE","Tamil Nadu","Lok Sabha",147000000,71295556,48.5,74,40,64.91,75704444,90,90,0,"N/A"
"AFZAL ANSARI","GHAZIPUR","Uttar Pradesh","Lok Sabha",220500000,106722563,48.4,35,396,8.12,113777437,285,283,2,"N/A"
"Kirti Vardhan Singh","GONDA","Uttar Pradesh","Lok Sabha",147000000,71075338,48.35,35,118,22.88,75924662,180,176,4,"N/A"
"BIJULI KALITA MEDHI","GUWAHATI","Assam","Lok Sabha",147000000,71052648,48.34,5,145,3.33,75947352,165,165,0,"N/A"
"Bharatsinhji Shankarji Dabhi","PATAN","Gujarat","Lok Sabha",147000000,70906510,48.24,160,157,50.47,76093490,201,194,7,"N/A"
"KISHORI LAL","AMETHI","Uttar Pradesh","Lok Sabha",171500000,82481354,48.09,19,31,38,89018646,75,70,5,"N/A"
"Rajnath Singh","LUCKNOW","Uttar Pradesh","Lok Sabha",154808797.11,74407887,48.06,31,71,30.39,80400910.11000001,74,71,3,"N/A"
"Jyotsna Charandas Mahant ","KORBA","Chhattisgarh","Lok Sabha",155153738.11,74559859,48.06,136,174,43.87,80593879.11000001,431,426,5,"N/A"
"Ashok Kumar Yadav ","MADHUBANI","Bihar","Lok Sabha",147000000,70438959,47.92,81,108,42.86,76561041,132,132,0,"N/A"
"AMARSING TISSO","Diphu","Assam","Lok Sabha",147000000,70190709,47.75,41,53,43.62,76809291,192,172,20,"N/A"
"PRIYA SAROJ","MACHHLISHAHR","Uttar Pradesh","Lok Sabha",147000000,69805592,47.49,725,670,51.97,77194408,1048,1047,1,"N/A"
"Radha Mohan Singh","PURVI CHAMPARAN","Bihar","Lok Sabha",147000000,69803891,47.49,60,64,48.39,77196109,83,80,3,"N/A"
"Mansukhbhai Dhanjibhai Vasava","BHARUCH","Gujarat","Lok Sabha",147000000,69778294,47.47,204,194,51.26,77221706,244,236,8,"N/A"
"Shri B Y Raghavendra ","SHIMOGA","Karnataka","Lok Sabha",147000000,69561261,47.32,49,213,18.7,77438739,296,295,1,"N/A"
"BALWANT BASWANT WANKHADE","AMRAVATI","Maharashtra","Lok Sabha",198293678,93790658,47.3,51,116,30.54,104503020,120,105,15,"N/A"
"Prasun Banerjee","HOWRAH","West Bengal","Lok Sabha",147000000,69024743,46.96,136,78,63.55,77975257,157,146,11,"N/A"
"Swami Sachchidanandhari Sakshi ji Maharaj ","UNNAO","Uttar Pradesh","Lok Sabha",147000000,68421377,46.55,12,77,13.48,78578623,69,62,7,"N/A"
"Thirumaa Valavan Thol","CHIDAMBARAM","Tamil Nadu","Lok Sabha",147000000,68203692,46.4,45,32,58.44,78796308,79,78,1,"N/A"
"DR. HEMANG JOSHI","VADODARA","Gujarat","Lok Sabha",147000000,68089263,46.32,71,134,34.63,78910737,121,100,21,"N/A"
"Gajendra Singh Patel","KHARGONE","Madhya Pradesh","Lok Sabha",147000000,68043845,46.29,104,232,30.95,78956155,382,380,2,"N/A"
"JAI PARKASH","HISAR","Haryana","Lok Sabha",147000000,67953815,46.23,68,375,15.35,79046185,330,326,4,"N/A"
"ARUN NEHRU","PERAMBALUR","Tamil Nadu","Lok Sabha",147000000,67653424,46.02,54,28,65.85,79346576,81,81,0,"N/A"
"Shri Gurjeet Singh Aujla","AMRITSAR","Punjab","Lok Sabha",147000000,67439837,45.88,91,190,32.38,79560163,328,321,7,"N/A"
"Anurag Sharma ","JHANSI","Uttar Pradesh","Lok Sabha",147000000,67201462,45.72,79,83,48.77,79798538,242,235,7,"N/A"
"ANAND KUMAR","BAHRAICH","Uttar Pradesh","Lok Sabha",147000000,66987751,45.57,32,79,28.83,80012249,102,102,0,"N/A"
"Shatrughan Sinha","ASANSOL","West Bengal","Lok Sabha",147000000,66966504,45.56,5,22,18.52,80033496,20,20,0,"N/A"
"Shri Hanuman Beniwal","NAGAUR","Rajasthan","Lok Sabha",147000000,66938015,45.54,175,75,70,80061985,315,314,1,"N/A"
"ARUN GOVIL","MEERUT","Uttar Pradesh","Lok Sabha",147000000,66737649,45.4,36,196,15.52,80262351,172,169,3,"N/A"
"K. RAJASHEKAR BASAVARAJ HITNAL","KOPPAL","Karnataka","Lok Sabha",147000000,66577182,45.29,67,126,34.72,80422818,200,199,1,"N/A"
"Kripanath Mallah","KARIMGANJ","Assam","Lok Sabha",147000000,66488500,45.23,0,74,0,80511500,116,116,0,"N/A"
"RAJEEV RAI","GHOSI","Uttar Pradesh","Lok Sabha",147000000,66462043,45.21,108,119,47.58,80537957,311,300,11,"N/A"
"RAJEEV BHARDWAJ","KANGRA","Himachal Pradesh","Lok Sabha",179388967.11,80583156,44.92,197,424,31.72,98805811.11000001,651,641,10,"N/A"
"RANJIT DUTTA","Sonitpur","Assam","Lok Sabha",147000000,65900399,44.83,22,127,14.77,81099601,322,321,1,"N/A"
"UMMEDA RAM BENIWAL","BARMER","Rajasthan","Lok Sabha",147000000,65781402,44.75,96,88,52.17,81218598,187,186,1,"N/A"
"SANJNA JATAV","BHARATPUR","Rajasthan","Lok Sabha",147000000,65761488.1,44.74,74,168,30.58,81238511.9,716,691,25,"N/A"
"BRIJMOHAN AGRAWAL","RAIPUR","Chhattisgarh","Lok Sabha",153766451.11,68756217,44.71,38,115,24.84,85010234.11000001,168,164,4,"N/A"
"RAHUL SINGH LODHI","DAMOH","Madhya Pradesh","Lok Sabha",163058785.37,72714957,44.59,173,126,57.86,90343828.37,342,340,2,"N/A"
"SURENDRA PRASAD YADAV","JAHANABAD","Bihar","Lok Sabha",155325714,68477331,44.09,141,161,46.69,86848383,200,197,3,"N/A"
"UJJWAL RAMAN SINGH","ALLAHABAD","Uttar Pradesh","Lok Sabha",147000000,64290040,43.73,3,28,9.68,82709960,66,59,7,"N/A"
"Shri Deepak (Dev) Adhikari ","GHATAL","West Bengal","Lok Sabha",200747364,87788715,43.73,165,40,80.49,112958649,176,176,0,"N/A"
"DURAI VAIKO","TIRUCHIRAPPALLI","Tamil Nadu","Lok Sabha",147000000,64219366,43.69,45,33,57.69,82780634,56,53,3,"N/A"
"Sunil Kumar ","VALMIKI NAGAR","Bihar","Lok Sabha",147000000,63664429,43.31,79,183,30.15,83335571,87,87,0,"N/A"
"C R Patil","NAVSARI","Gujarat","Lok Sabha",158532494.36,68363295,43.12,266,141,65.36,90169199.36000001,276,262,14,"N/A"
"RAJ KUMAR ROAT","BANSWARA","Rajasthan","Lok Sabha",147000000,63286521,43.05,22,82,21.15,83713479,121,121,0,"N/A"
"CHAMALA KIRAN KUMAR REDDY","BHONGIR","Telangana","Lok Sabha",147000000,62689273,42.65,417,71,85.45,84310727,434,433,1,"N/A"
"JOYANTA BASUMATARY","KOKRAJHAR","Assam","Lok Sabha",147000000,62530971,42.54,20,102,16.39,84469029,79,79,0,"N/A"
"ALOK SHARMA","BHOPAL","Madhya Pradesh","Lok Sabha",147000000,62492243,42.51,22,67,24.72,84507757,84,83,1,"N/A"
"MAHESH KASHYAP","BASTAR","Chhattisgarh","Lok Sabha",147000000,62420367.5,42.46,38,168,18.45,84579632.5,193,186,7,"N/A"
"YADUVEER KRISHNADATTA CHAMARAJA WADIYAR","MYSORE","Karnataka","Lok Sabha",147000000,62346570,42.41,34,148,18.68,84653430,178,176,2,"N/A"
"Devendra Alias Bhole Singh","AKBARPUR","Uttar Pradesh","Lok Sabha",147000000,62000186,42.18,62,86,41.89,84999814,98,98,0,"N/A"
"Kakoli Ghosh Dastidar ","BARASAT","West Bengal","Lok Sabha",147000000,61929956,42.13,76,107,41.53,85070044,100,100,0,"N/A"
"Mala Roy ","KOLKATA DAKSHIN","West Bengal","Lok Sabha",147000000,61582788,41.89,32,43,42.67,85417212,65,63,2,"N/A"
"Shri  Dharambir Singh","BHIWANI MAHENDRAGARH","Haryana","Lok Sabha",147000000,61518498,41.85,103,107,49.05,85481502,177,177,0,"N/A"
"SHOBHA KARANDLAJE","BANGALORE NORTH","Karnataka","Lok Sabha",147000000,61473509,41.82,21,88,19.27,85526491,104,104,0,"N/A"
"CHINTAMANI MAHARAJ","SARGUJA","Chhattisgarh","Lok Sabha",147000000,61420121,41.78,69,260,20.97,85579879,372,364,8,"N/A"
"DHARMENDRA YADAV","AZAMGARH","Uttar Pradesh","Lok Sabha",147000000,61248647,41.67,16,52,23.53,85751353,53,43,10,"N/A"
"IMRAN MASOOD","SAHARANPUR","Uttar Pradesh","Lok Sabha",147000000,61171580,41.61,51,51,50,85828420,73,70,3,"N/A"
"NAVEEN JINDAL","KURUKSHETRA","Haryana","Lok Sabha",147000000,61160248,41.61,113,88,56.22,85839752,255,255,0,"N/A"
"LUMBARAM","JALORE","Rajasthan","Lok Sabha",147000000,61110381,41.57,75,105,41.67,85889619,609,609,0,"N/A"
"SANATAN PANDEY","BALLIA","Uttar Pradesh","Lok Sabha",180420041.4,74595388,41.35,62,293,17.46,105824653.4,231,229,2,"N/A"
"Santosh Pandey","RAJNANDGAON","Chhattisgarh","Lok Sabha",147000000,60639114,41.25,71,107,39.89,86360886,245,236,9,"N/A"
"BHARATBHAI MANUBHAI SUTARIYA","AMRELI","Gujarat","Lok Sabha",147000000,60446765,41.12,154,175,46.81,86553235,183,175,8,"N/A"
"MANI. A.","DHARAMAPURI","Tamil Nadu","Lok Sabha",164515071.11,67070637,40.77,59,315,15.78,97444434.11000001,127,127,0,"N/A"
"JITAN RAM MANJHI","GAYA","Bihar","Lok Sabha",147000000,59449374,40.44,152,108,58.46,87550626,187,186,1,"N/A"
"BHUPENDER YADAV","ALWAR","Rajasthan","Lok Sabha",147000000,59285868,40.33,31,43,41.89,87714132,67,67,0,"N/A"
"JOBA MAJHI","SINGHBHUM","Jharkhand","Lok Sabha",147000000,59054467,40.17,0,118,0,87945533,127,127,0,"N/A"
"CHANDUBHAI CHHAGANBHAI SHIHORA","SURENDRANAGAR","Gujarat","Lok Sabha",147000000,59047027,40.17,100,109,47.85,87952973,210,208,2,"N/A"
"DAMODAR AGARWAL","BHILWARA","Rajasthan","Lok Sabha",147000000,58990209,40.13,101,150,40.24,88009791,853,767,86,"N/A"
"BALYA MAMA SURESH GOPINATH MHATRE","BHIWANDI","Maharashtra","Lok Sabha",147000000,58859568,40.04,11,153,6.71,88140432,73,70,3,"N/A"
"Adv Dean Kuriakose","IDUKKI","Kerala","Lok Sabha",147000000,58754261,39.97,95,95,50,88245739,116,112,4,"N/A"
"Sunil Dattatray Tatkare","RAIGAD","Maharashtra","Lok Sabha",147000000,58660128,39.9,18,44,29.03,88339872,73,71,2,"N/A"
"DEEPENDER SINGH HOODA","ROHTAK","Haryana","Lok Sabha",147000000,58466003,39.77,70,107,39.55,88533997,144,142,2,"N/A"
"Kanimozhi Karunanidhi","THOOTHUKKUDI","Tamil Nadu","Lok Sabha",147000000,58344698,39.69,12,39,23.53,88655302,34,33,1,"N/A"
"SHREYAS. M. PATEL","HASSAN","Karnataka","Lok Sabha",147000000,58328008,39.68,23,181,11.27,88671992,179,174,5,"N/A"
"Mitesh Rameshbhai Bakabhai Patel","ANAND","Gujarat","Lok Sabha",147000000,58303147,39.66,247,280,46.87,88696853,293,283,10,5
"DR C N MANJUNATH","BANGALORE RURAL","Karnataka","Lok Sabha",147000000,58047695,39.49,64,170,27.35,88952305,187,178,9,"N/A"
"BASAVARAJ BOMMAI","HAVERI","Karnataka","Lok Sabha",147000000,57936447,39.41,19,144,11.66,89063553,167,166,1,"N/A"
"Rahul Kaswan","CHURU","Rajasthan","Lok Sabha",147000000,57725218,39.27,37,206,15.23,89274782,540,514,26,"N/A"
"SUDAMA PRASAD","ARRAH","Bihar","Lok Sabha",147000000,57716958,39.26,66,153,30.14,89283042,86,83,3,"N/A"
"Vijay Baghel","DURG","Chhattisgarh","Lok Sabha",147000000,57650594,39.22,70,144,32.71,89349406,246,243,3,"N/A"
"DR. PRABHA MALLIKARJUN","DAVANAGERE","Karnataka","Lok Sabha",147000000,57444696,39.08,5,92,5.15,89555304,90,83,7,"N/A"
"Mala Rajya Laxmi Shah ","TEHRI GARHWAL","Uttarakhand","Lok Sabha",147000000,57285791,38.97,84,155,35.15,89714209,371,352,19,"N/A"
"Ravi Shankar Prasad","PATNA SAHIB","Bihar","Lok Sabha",147000000,56647683,38.54,60,24,71.43,90352317,66,64,2,"N/A"
"RAMASHANKAR RAJBHAR","SALEMPUR","Uttar Pradesh","Lok Sabha",160056927.07,61281620,38.29,84,231,26.67,98775307.07,263,240,23,"N/A"
"GURMEET SINGH MEET HAYER","SANGRUR","Punjab","Lok Sabha",147000000,56281265,38.29,149,237,38.6,90718735,647,618,29,"N/A"
"PUSHPENDRA SAROJ","KAUSHAMBI","Uttar Pradesh","Lok Sabha",147000000,56198890,38.23,607,141,81.15,90801110,907,833,74,"N/A"
"Pradan Baruah","LAKHIMPUR","Assam","Lok Sabha",147000000,56052727,38.13,33,115,22.3,90947273,174,173,1,"N/A"
"Rajeshbhai Naranbhai Chudasama","JUNAGADH","Gujarat","Lok Sabha",147000000,56040284,38.12,152,147,50.84,90959716,176,170,6,"N/A"
"SUKHJINDER SINGH RANDHAWA","GURDASPUR","Punjab","Lok Sabha",147000000,56038398,38.12,90,237,27.52,90961602,396,380,16,"N/A"
"Parvatagouda Chandanagouda Gaddigoudar","BAGALKOT","Karnataka","Lok Sabha",167541747.11,63865076,38.12,92,136,40.35,103676671.11000001,232,230,2,"N/A"
"Shri Jual Oram","SUNDARGARH","Odisha","Lok Sabha",173096756.91,65790931,38.01,89,111,44.5,107305825.91,270,249,21,"N/A"
"JYOTIRADITYA M. SCINDIA","GUNA","Madhya Pradesh","Lok Sabha",147000000,55870850,38.01,45,18,71.43,91129150,99,97,2,"N/A"
"ARUP CHAKRABORTY","BANKURA","West Bengal","Lok Sabha",147000000,55795450,37.96,40,30,57.14,91204550,42,42,0,"N/A"
"Sanjay Kumar Bandi","KARIMNAGAR","Telangana","Lok Sabha",172775317.11,65470195,37.89,171,468,26.76,107305122.11000001,306,303,3,"N/A"
"Smt Himadri Singh","SHAHDOL","Madhya Pradesh","Lok Sabha",150724861.11,57113796,37.89,45,124,26.63,93611065.11000001,166,163,3,"N/A"
"Saumitra khan ","BISHNUPUR","West Bengal","Lok Sabha",147000000,55661990,37.87,48,34,58.54,91338010,50,49,1,"N/A"
"ROBERT BRUCE C","TIRUNELVELI","Tamil Nadu","Lok Sabha",147475440.11,55819028,37.85,60,51,54.05,91656412.11000001,73,73,0,"N/A"
"BRIJENDRA SINGH OLA","JHUNJHUNU","Rajasthan","Lok Sabha",147000000,55610081,37.83,92,75,55.09,91389919,449,447,2,"N/A"
"TOKHAN SAHU","BILASPUR","Chhattisgarh","Lok Sabha",147000000,55525385,37.77,41,90,31.3,91474615,157,151,6,"N/A"
"Shri NK Premachandran","KOLLAM","Kerala","Lok Sabha",171477994.11,64475987,37.6,46,150,23.47,107002007.11000001,105,105,0,"N/A"
"ANITA NAGARSINGH CHOUHAN","RATLAM","Madhya Pradesh","Lok Sabha",147000000,55091448,37.48,74,129,36.45,91908552,228,222,6,"N/A"
"Shri Chandra Prakash Choudhary","GIRIDIH","Jharkhand","Lok Sabha",147000000,54889366,37.34,49,625,7.27,92110634,297,266,31,"N/A"
"Smt Dimple Yadav","MAINPURI","Uttar Pradesh","Lok Sabha",192042469.11,71677973,37.32,53,111,32.32,120364496.11000001,148,125,23,"N/A"
"Devusinh Jesingbhai Chauhan","KHEDA","Gujarat","Lok Sabha",147000000,54783374,37.27,247,341,42.01,92216626,292,291,1,"N/A"
"Kani K Navas","RAMANATHAPURAM","Tamil Nadu","Lok Sabha",147000000,54425096,37.02,68,41,62.39,92574904,85,84,1,"N/A"
"BUNTY VIVEK SAHU","CHHINDWARA","Madhya Pradesh","Lok Sabha",147000000,54099699,36.8,100,373,21.14,92900301,440,425,15,"N/A"
"RAVINDRA DATTARAM WAIKAR","MUMBAI NORTH WEST","Maharashtra","Lok Sabha",147000000,53799122,36.6,0,67,0,93200878,24,20,4,"N/A"
"Thalikkottai Rajuthevar Baalu","SRIPERUMBUDUR","Tamil Nadu","Lok Sabha",196905535.11,71998395,36.56,63,63,50,124907140.11000001,90,90,0,"N/A"
"GM Harish Balayogi","AMALAPURAM","Andhra Pradesh","Lok Sabha",147000000,53533502,36.42,41,68,37.61,93466498,66,62,4,"N/A"
"BAG MITALI","ARAMBAG","West Bengal","Lok Sabha",147000000,53162451,36.16,87,97,47.28,93837549,100,96,4,"N/A"
"ZIA UR REHMAN","SAMBHAL","Uttar Pradesh","Lok Sabha",147000000,53111753,36.13,0,325,0,93888247,332,265,67,"N/A"
"Faggan Singh Kulaste","MANDLA","Madhya Pradesh","Lok Sabha",151861648.41,54608168,35.96,31,268,10.37,97253480.41,286,282,4,"N/A"
"Ms Mahua Moitra","KRISHNANAGAR","West Bengal","Lok Sabha",159865046,57382120,35.89,21,34,38.18,102482926,49,48,1,"N/A"
"DR DHARAMVIRA GANDHI","PATIALA","Punjab","Lok Sabha",147000000,52578687,35.77,52,275,15.9,94421313,1184,1167,17,"N/A"
"Maddila Gurumoorthy","TIRUPATI","Andhra Pradesh","Lok Sabha",180399007,64414143,35.71,110,181,37.8,115984864,167,149,18,"N/A"
"RUCHI VIRA","MORADABAD","Uttar Pradesh","Lok Sabha",147000000,52167110,35.49,165,108,60.44,94832890,559,559,0,"N/A"
"AASHTIKAR PATIL NAGESH BAPURAO","HINGOLI","Maharashtra","Lok Sabha",190289442,67522042,35.48,38,78,32.76,122767400,68,67,1,"N/A"
"BIPLAB KUMAR DEB","TRIPURA WEST","Tripura","Lok Sabha",147000000,51962677,35.35,7,24,22.58,95037323,26,26,0,"N/A"
"Smt Anupriya Patel","MIRZAPUR","Uttar Pradesh","Lok Sabha",147000000,51732584,35.19,0,10,0,95267416,10,6,4,"N/A"
"CHIRAG PASWAN","HAJIPUR","Bihar","Lok Sabha",147000000,51506335,35.04,47,66,41.59,95493665,54,48,6,"N/A"
"HARIBHAI PATEL","MAHESANA","Gujarat","Lok Sabha",147000000,51281778,34.89,150,427,26,95718222,268,260,8,"N/A"
"NARAYAN DAS AHIRWAR","JALAUN","Uttar Pradesh","Lok Sabha",147000000,51218010.8,34.84,36,331,9.81,95781989.2,292,284,8,1
"SHOBHANABEN MAHENDRASINH BARAIYA","SABARKANTHA","Gujarat","Lok Sabha",147000000,51180570,34.82,122,152,44.53,95819430,144,134,10,"N/A"
"Vinod Chavda","KACHCHH","Gujarat","Lok Sabha",147000000,51051603,34.73,98,256,27.68,95948397,126,119,7,"N/A"
"ESWARASAMY K","POLLACHI","Tamil Nadu","Lok Sabha",162315106.11,56246950,34.65,46,34,57.5,106068156.11000001,57,56,1,"N/A"
"Alok Kumar Suman","GOPALGANJ","Bihar","Lok Sabha",147000000,50920280,34.64,43,112,27.74,96079720,56,55,1,"N/A"
"MALVIKA DEVI","KALAHANDI","Odisha","Lok Sabha",147000000,50804998,34.56,96,224,30,96195002,130,130,0,"N/A"
"IQRA CHOUDHARY","KAIRANA","Uttar Pradesh","Lok Sabha",147000000,50723960,34.51,45,42,51.72,96276040,62,55,7,"N/A"
"SELVARAJ V","NAGAPATTINAM","Tamil Nadu","Lok Sabha",147000000,50673389,34.47,44,41,51.76,96326611,61,59,2,"N/A"
"BHUMARE SANDIPANRAO ASARAM","AURANGABAD","Maharashtra","Lok Sabha",147000000,50596352,34.42,27,65,29.35,96403648,37,36,1,"N/A"
"Vellalath Kochukrishnan Nair Sreekandan","PALAKKAD","Kerala","Lok Sabha",147000000,50584788,34.41,98,107,47.8,96415212,127,124,3,1
"SUNIL BOSE","CHAMARAJANAGAR","Karnataka","Lok Sabha",147000000,50427615,34.3,21,91,18.75,96572385,96,90,6,"N/A"
"DULU MAHATO","DHANBAD","Jharkhand","Lok Sabha",147000000,50288360,34.21,57,322,15.04,96711640,269,267,2,"N/A"
"Ajay Bhatt","NAINITAL UDHAM SINGH NAG.","Uttarakhand","Lok Sabha",147000000,50127226,34.1,85,376,18.44,96872774,888,821,67,"N/A"
"ANUP SANJAY DHOTRE","AKOLA","Maharashtra","Lok Sabha",147000000,50063243,34.06,41,59,41,96936757,68,65,3,"N/A"
"KALI CHARAN SINGH","CHATRA","Jharkhand","Lok Sabha",147000000,49787316,33.87,75,429,14.88,97212684,291,265,26,"N/A"
"SAYANI GHOSH","JADAVPUR","West Bengal","Lok Sabha",147000000,49785004,33.87,113,102,52.56,97214996,129,127,2,"N/A"
"Virendra Kumar","TIKAMGARH","Madhya Pradesh","Lok Sabha",147000000,49501421,33.67,12,347,3.34,97498579,219,210,9,"N/A"
"DR BYREDDY SHABARI","NANDYAL","Andhra Pradesh","Lok Sabha",150675889.11,50709419,33.65,70,129,35.18,99966470.11000001,116,115,1,"N/A"
"THANGA TAMILSELVAN","THENI","Tamil Nadu","Lok Sabha",147000000,49328291,33.56,24,72,25,97671709,56,50,6,"N/A"
"Kangana Ranaut","MANDI","Himachal Pradesh","Lok Sabha",147000000,48830820,33.22,53,267,16.56,98169180,304,218,86,"N/A"
"Shri vijayakumar Vasanth","KANNIYAKUMARI","Tamil Nadu","Lok Sabha",171500000,56848972,33.15,39,62,38.61,114651028,64,60,4,"N/A"
"CAPTAIN BRIJESH CHOWTA","DAKSHINA KANNADA","Karnataka","Lok Sabha",147000000,48429304,32.95,75,131,36.41,98570696,103,93,10,"N/A"
"CAPTAIN VIRIATO FERNANDES","SOUTH GOA","Goa","Lok Sabha",147000000,48358008,32.9,44,86,33.85,98641992,78,78,0,"N/A"
"AJENDRA SINGH LODHI","HAMIRPUR","Uttar Pradesh","Lok Sabha",147000000,48355823,32.9,19,172,9.95,98644177,104,85,19,"N/A"
"Smt Satabdi Roy (Banerjee)","BIRBHUM","West Bengal","Lok Sabha",147000000,48307379.6,32.86,62,35,63.92,98692620.4,67,67,0,"N/A"
"Jitendra Singh","UDHAMPUR","Jammu And Kashmir","Lok Sabha",147000000,47977099,32.64,185,141,56.75,99022901,219,215,4,"N/A"
"S Venkatesan","MADURAI","Tamil Nadu","Lok Sabha",147000000,47771116,32.5,46,81,36.22,99228884,70,67,3,"N/A"
"Smt S Jothimani","KARUR","Tamil Nadu","Lok Sabha",147000000,47711966,32.46,86,90,48.86,99288034,101,100,1,"N/A"
"Bhagirath Chaudhary","AJMER","Rajasthan","Lok Sabha",147000000,47373540,32.23,58,99,36.94,99626460,642,528,114,"N/A"
"Smt Sajda Ahmed","ULUBERIA","West Bengal","Lok Sabha",147000000,47212277,32.12,91,88,50.84,99787723,111,109,2,"N/A"
"DR.MALLU RAVI","NAGARKURNOOL","Telangana","Lok Sabha",147000000,47000729,31.97,143,84,63,99999271,156,155,1,"N/A"
"RAKIBUL HUSSAIN","DHUBRI","Assam","Lok Sabha",147000000,46453373,31.6,25,152,14.12,100546627,138,132,6,"N/A"
"Shri Janardan Singh Sigriwal ","MAHARAJGANJ","Bihar","Lok Sabha",147000000,46417759,31.58,18,56,24.32,100582241,44,42,2,"N/A"
"Sudip Bandyopadhyay","KOLKATA UTTAR","West Bengal","Lok Sabha",147000000,46311063,31.5,9,29,23.68,100688937,31,31,0,"N/A"
"BABU SINGH KUSHWAHA","JAUNPUR","Uttar Pradesh","Lok Sabha",147000000,46048017,31.33,522,164,76.09,100951983,650,529,121,"N/A"
"Kinjarapu Ram Mohan Naidu","SRIKAKULAM","Andhra Pradesh","Lok Sabha",171200630.11,53576961,31.29,60,155,27.91,117623669.11000001,102,100,2,"N/A"
"AMBICA G LAKSHMINARAYANA VALMIKI","ANANTAPUR","Andhra Pradesh","Lok Sabha",201899064.11,62202871,30.81,42,116,26.58,139696193.11,81,79,2,"N/A"
"GOVIND MAKTHAPPA KARJOL","CHITRADURGA","Karnataka","Lok Sabha",147000000,45195747,30.75,19,204,8.52,101804253,121,107,14,"N/A"
"Midhun Reddy","RAJAMPET","Andhra Pradesh","Lok Sabha",178951477.11,55016006,30.74,177,317,35.83,123935471.11000001,228,206,22,"N/A"
"KONDA VISHWESHWAR REDDY","CHELVELLA","Telangana","Lok Sabha",186441916.11,57214092,30.69,180,339,34.68,129227824.11000001,214,212,2,"N/A"
"HARENDRA SINGH MALIK","MUZAFFARNAGAR","Uttar Pradesh","Lok Sabha",147000000,45077485,30.66,32,183,14.88,101922515,140,121,19,"N/A"
"Kaushalendra Kumar","NALANDA","Bihar","Lok Sabha",147000000,44517141,30.28,91,74,55.15,102482859,94,92,2,"N/A"
"H.D. KUMARASWAMY","MANDYA","Karnataka","Lok Sabha",147000000,44450000,30.24,7,140,4.76,102550000,127,117,10,"N/A"
"K. C VENUGOPAL","ALAPPUZHA","Kerala","Lok Sabha",147000000,44331588,30.16,37,52,41.57,102668412,67,67,0,"N/A"
"ARUNA. D. K","MAHABUBNAGAR","Telangana","Lok Sabha",147000000,44232038,30.09,127,195,39.44,102767962,153,152,1,"N/A"
"B K PARTHASARATHI","HINDUPUR","Andhra Pradesh","Lok Sabha",160491894.11,47797914,29.78,52,40,56.52,112693980.11000001,64,64,0,"N/A"
"Raju Bista","DARJEELING","West Bengal","Lok Sabha",147000000,43617451,29.67,73,96,43.2,103382549,92,92,0,"N/A"
"LOVELY ANAND","SHEOHAR","Bihar","Lok Sabha",147000000,43561211,29.63,24,67,26.37,103438789,39,36,3,"N/A"
"Shri Amar Singh","FATEHGARH SAHIB","Punjab","Lok Sabha",147000000,43153324,29.36,60,289,17.19,103846676,521,505,16,"N/A"
"RAJABHAU","NASHIK","Maharashtra","Lok Sabha",152878682.11,44799862,29.3,21,89,19.09,108078820.11000001,47,42,5,"N/A"
"DR. S P SINGH","PRATAPGARH","Uttar Pradesh","Lok Sabha",147000000,42783929,29.1,106,533,16.59,104216071,128,107,21,"N/A"
"GANAPATHY RAJKUMAR P","COIMBATORE","Tamil Nadu","Lok Sabha",147370490.11,42862932,29.09,7,62,10.14,104507558.11000001,44,42,2,"N/A"
"Putta Mahesh Kumar","ELURU","Andhra Pradesh","Lok Sabha",147000000,42407225,28.85,54,60,47.37,104592775,68,68,0,"N/A"
"JITIN PRASADA","PILIBHIT","Uttar Pradesh","Lok Sabha",147000000,41842816,28.46,22,37,37.29,105157184,106,104,2,"N/A"
"SUKANTA KUMAR PANIGRAHI","KANDHAMAL","Odisha","Lok Sabha",190712424.11,54209040,28.42,148,202,42.29,136503384.11,352,329,23,"N/A"
"PHANI BHUSAN CHOUDHURY","BARPETA","Assam","Lok Sabha",147000000,41759331,28.41,3,84,3.45,105240669,102,96,6,"N/A"
"Dr Shashi Tharoor","THIRUVANANTHAPURAM","Kerala","Lok Sabha",147000000,41754577,28.4,40,74,35.09,105245423,61,61,0,"N/A"
"Jagannath Sarkar","RANAGHAT","West Bengal","Lok Sabha",147000000,41712525,28.38,70,152,31.53,105287475,86,83,3,"N/A"
"Priyanka Gandhi Vadra","WAYANAD","Kerala","Lok Sabha",122500000,34714501,28.34,10,81,10.99,87785499,39,39,0,"N/A"
"Mahendra Singh Solanky","DEWAS","Madhya Pradesh","Lok Sabha",147000000,41462417,28.21,10,131,7.09,105537583,107,105,2,"N/A"
"S. Jagathrakshakan","ARAKKONAM","Tamil Nadu","Lok Sabha",180589332.34,50567596,28,34,130,20.73,130021736.34,53,52,1,"N/A"
"Sanjay Haribhau Jadhav","PARBHANI","Maharashtra","Lok Sabha",147000000,40999822,27.89,28,56,33.33,106000178,49,49,0,"N/A"
"GOPINATH K","KRISHNAGIRI","Tamil Nadu","Lok Sabha",147000000,40994453,27.89,36,77,31.86,106005547,56,55,1,"N/A"
"Shri LS Tejasvi Surya ","BANGALORE SOUTH","Karnataka","Lok Sabha",147000000,40913804,27.83,25,112,18.25,106086196,51,49,2,"N/A"
"M. MALLESH BABU","KOLAR","Karnataka","Lok Sabha",147065957.11,40766132,27.72,3,73,3.95,106299825.11000001,122,121,1,"N/A"
"Smt Hema Malini","MATHURA","Uttar Pradesh","Lok Sabha",147000000,40721168,27.7,33,55,37.5,106278832,82,81,1,"N/A"
"Nitin Jairam Gadkari","NAGPUR","Maharashtra","Lok Sabha",168195086.11,46558565,27.68,19,48,28.36,121636521.11000001,35,29,6,"N/A"
"JASHUBHAI BHILUBHAI RATHVA","CHHOTA UDAIPUR","Gujarat","Lok Sabha",147000000,40624412,27.64,100,248,28.74,106375588,126,119,7,"N/A"
"ABHIJIT GANGOPADHYAY","TAMLUK","West Bengal","Lok Sabha",147000000,40622867.78,27.63,74,191,27.92,106377132.22,125,122,3,"N/A"
"BASTIPATI NAGARAJU PANCHALINGALA","KURNOOL","Andhra Pradesh","Lok Sabha",159998515.11,44033277,27.52,143,65,68.75,115965238.11000001,145,145,0,"N/A"
"PARSHOTTAMBHAI RUPALA","RAJKOT","Gujarat","Lok Sabha",147000000,40230082,27.37,90,229,28.21,106769918,96,87,9,"N/A"
"KOTA SRINIVAS POOJARY","UDUPI CHIKMAGALUR","Karnataka","Lok Sabha",147000000,39870575,27.12,51,269,15.94,107129425,110,98,12,"N/A"
"ATUL GARG","GHAZIABAD","Uttar Pradesh","Lok Sabha",155336470,42043789,27.07,36,41,46.75,113292681,49,40,9,"N/A"
"KALYAN VAIJINATHRAO KALE","JALNA","Maharashtra","Lok Sabha",147000000,39751304,27.04,19,42,31.15,107248696,42,40,2,"N/A"
"GAURAV GOGOI","JORHAT","Assam","Lok Sabha",147000000,39747670,27.04,33,429,7.14,107252330,447,442,5,"N/A"
"Ravindra Vasantrao Chavan","NANDED","Maharashtra","Lok Sabha",147000000,39344293,26.76,26,115,18.44,107655707,48,44,4,"N/A"
"SHIVRAJ SINGH CHOUHAN","VIDISHA","Madhya Pradesh","Lok Sabha",147000000,38851625,26.43,10,97,9.35,108148375,128,128,0,"N/A"
"MAHIMA KUMARI MEWAR","RAJSAMAND","Rajasthan","Lok Sabha",183892143,48238044,26.23,26,109,19.26,135654099,272,253,19,"N/A"
"BAPI HALDAR","MATHURAPUR","West Bengal","Lok Sabha",147000000,38508401,26.2,85,78,52.15,108491599,100,100,0,"N/A"
"SAMBIT PATRA","PURI","Odisha","Lok Sabha",147000000,38354750,26.09,548,175,75.8,108645250,847,847,0,"N/A"
"ADHIKARI SOUMENDU","KANTHI","West Bengal","Lok Sabha",147000000,38304241,26.06,29,41,41.43,108695759,31,31,0,"N/A"
"Ganesh Singh","SATNA","Madhya Pradesh","Lok Sabha",147000000,37994332,25.85,77,241,24.21,109005668,179,178,1,"N/A"
"Y S Avinash Reddy","KADAPA","Andhra Pradesh","Lok Sabha",156430260.11,40037027,25.59,57,243,19,116393233.11000001,86,85,1,"N/A"
"DEVESH CHANDRA THAKUR","SITAMARHI","Bihar","Lok Sabha",163809205.11,41894417,25.58,119,90,56.94,121914788.11000001,129,129,0,"N/A"
"MUHAMMED HAMDULLAH SAYEED","LAKSHADWEEP","Lakshadweep","Lok Sabha",153942460.41,39337535,25.55,2,26,7.14,114604925.41,20,20,0,"N/A"
"DR.K.SUDHAKAR","CHIKBALLAPUR","Karnataka","Lok Sabha",147000000,37428975,25.46,18,142,11.25,109571025,134,134,0,"N/A"
"Annpurna Devi ","KODARMA","Jharkhand","Lok Sabha",166665931.8,42079828,25.25,85,303,21.91,124586103.80000001,146,136,10,"N/A"
"Saptagiri Sankar Ulaka","KORAPUT","Odisha","Lok Sabha",269500000,67850166,25.18,159,416,27.65,201649834,235,230,5,"N/A"
"JUNE MALIAH","MEDINIPUR","West Bengal","Lok Sabha",147000000,36949288,25.14,7,24,22.58,110050712,27,25,2,"N/A"
"DHAVAL LAXMANBHAI PATEL","VALSAD","Gujarat","Lok Sabha",147000000,36923530,25.12,60,176,25.42,110076470,69,65,4,"N/A"
"DR RAJKUMAR SANGWAN","BAGHPAT","Uttar Pradesh","Lok Sabha",147000000,36662976,24.94,16,103,13.45,110337024,78,66,12,"N/A"
"Abu Taher Khan","MURSHIDABAD","West Bengal","Lok Sabha",147000000,36162113,24.6,172,156,52.44,110837887,181,176,5,"N/A"
"Shri Suresh Kodikunnil","MAVELIKKARA","Kerala","Lok Sabha",172429519.11,41963456,24.34,58,133,30.37,130466063.11000001,85,85,0,"N/A"
"Shrirang Appa Barne","MAVAL","Maharashtra","Lok Sabha",147000000,35720911,24.3,32,75,29.91,111279089,53,53,0,"N/A"
"GODAM NAGESH","ADILABAD","Telangana","Lok Sabha",147000000,35717086,24.3,80,277,22.41,111282914,142,142,0,"N/A"
"Kamlesh Paswan","BANSGAON","Uttar Pradesh","Lok Sabha",147000000,35635253,24.24,0,124,0,111364747,76,70,6,"N/A"
"Jagdambika Pal","DOMARIYAGANJ","Uttar Pradesh","Lok Sabha",160643957.11,38873088,24.2,0,75,0,121770869.11000001,50,45,5,"N/A"
"Shri Bhartruhari Mahtab","CUTTACK","Odisha","Lok Sabha",147000000,35411567,24.09,86,397,17.81,111588433,269,268,1,"N/A"
"MANNA LAL RAWAT","UDAIPUR","Rajasthan","Lok Sabha",147000000,35324098,24.03,24,176,12,111675902,177,169,8,"N/A"
"DR. MANSUKH MANDAVIYA","PORBANDAR","Gujarat","Lok Sabha",147000000,34762587,23.65,72,238,23.23,112237413,86,85,1,"N/A"
"Shri Arjun Ram Meghwal","BIKANER","Rajasthan","Lok Sabha",147000000,34700414,23.61,17,62,21.52,112299586,46,41,5,"N/A"
"R.K. CHAUDHARY","MOHANLALGANJ","Uttar Pradesh","Lok Sabha",147000000,34622708,23.55,14,79,15.05,112377292,83,81,2,"N/A"
"NABA CHARAN MAJHI","MAYURBHANJ","Odisha","Lok Sabha",147563957.11,34422207,23.33,27,194,12.22,113141750.11000001,76,76,0,"N/A"
"RACHNA BANERJEE","HOOGHLY","West Bengal","Lok Sabha",147000000,34234471,23.29,36,68,34.62,112765529,54,54,0,"N/A"
"BHASKAR MURLIDHAR BHAGARE","DINDORI","Maharashtra","Lok Sabha",147000000,34081627,23.18,19,100,15.97,112918373,37,35,2,"N/A"
"AMRINDER SINGH RAJA WARRING","LUDHIANA","Punjab","Lok Sabha",147000000,33972409,23.11,59,187,23.98,113027591,326,323,3,"N/A"
"SATPAL BRAHAMCHARI","SONEPAT","Haryana","Lok Sabha",147000000,33940251,23.09,19,212,8.23,113059749,200,166,34,"N/A"
"AMRARAM","SIKAR","Rajasthan","Lok Sabha",165691544.11,38165228,23.03,49,122,28.65,127526316.11000001,313,294,19,"N/A"
"CHHATRAPATI SHAHU SHAHAJI","KOLHAPUR","Maharashtra","Lok Sabha",147000000,33696592,22.92,22,79,21.78,113303408,34,34,0,"N/A"
"BAJRANG MANOHAR SONWANE","BEED","Maharashtra","Lok Sabha",165899107.19,37977152,22.89,20,80,20,127921955.19,39,37,2,"N/A"
"VISHWESHWAR HEGDE KAGERI","UTTARA KANNADA","Karnataka","Lok Sabha",147000000,33350000,22.69,30,113,20.98,113650000,83,79,4,"N/A"
"SUDHA R","MAYILADUTHURAI","Tamil Nadu","Lok Sabha",147332315.11,33193145,22.53,22,127,14.77,114139170.11000001,47,34,13,"N/A"
"Giriraj Singh","BEGUSARAI","Bihar","Lok Sabha",147000000,32994877,22.45,17,50,25.37,114005123,38,37,1,"N/A"
"KRITI DEVI DEBBARMAN","TRIPURA EAST","Tripura","Lok Sabha",147000000,32934783,22.4,13,29,30.95,114065217,24,24,0,"N/A"
"AMAR SHARADRAO KALE","WARDHA","Maharashtra","Lok Sabha",147000000,32855968,22.35,29,79,26.85,114144032,40,38,2,"N/A"
"Dr Chandra Sekhar Pemmasani","GUNTUR","Andhra Pradesh","Lok Sabha",159774113.11,35191726,22.03,9,87,9.38,124582387.11000001,42,41,1,"N/A"
"V. SOMANNA","TUMKUR","Karnataka","Lok Sabha",147000000,32293790,21.97,4,57,6.56,114706210,26,17,9,"N/A"
"BHOJRAJ NAG","KANKER","Chhattisgarh","Lok Sabha",164672734.11,35985836,21.85,29,44,39.73,128686898.11000001,104,101,3,"N/A"
"Hasmukh Bhai Soma Bhai Patel","AHMEDABAD EAST","Gujarat","Lok Sabha",147000000,32021270,21.78,20,176,10.2,114978730,36,36,0,"N/A"
"JAGADISH CHANDRA BARMA BASUNIA","COOCHBEHAR","West Bengal","Lok Sabha",168604641.11,36689865,21.76,1,96,1.03,131914776.11000001,41,41,0,"N/A"
"ADV GOWAAL KAGADA PADAVI","NANDURBAR","Maharashtra","Lok Sabha",147816309.11,32041066,21.68,189,90,67.74,115775243.11000001,189,189,0,"N/A"
"AKHILESH YADAV","KANNAUJ","Uttar Pradesh","Lok Sabha",147000000,31559060,21.47,39,200,16.32,115440940,91,82,9,"N/A"
"PARTHA BHOWMICK","BARRACKPUR","West Bengal","Lok Sabha",147000000,31114929,21.17,4,28,12.5,115885071,11,11,0,"N/A"
"D M Kathir Anand","VELLORE","Tamil Nadu","Lok Sabha",160196941.11,33728871,21.05,15,67,18.29,126468070.11000001,38,38,0,"N/A"
"PRADEEP PUROHIT","BARGARH","Odisha","Lok Sabha",147000000,30901278,21.02,41,241,14.54,116098722,112,105,7,"N/A"
"E.T. MOHAMMED BASHEER","MALAPPURAM","Kerala","Lok Sabha",163895872.11,34451493,21.02,40,150,21.05,129444379.11000001,72,68,4,"N/A"
"Piyush Vedprakash Goyal","MUMBAI NORTH","Maharashtra","Lok Sabha",147000000,30848998,20.99,0,49,0,116151002,17,13,4,"N/A"
"MADHAVANENI RAGHUNANDAN RAO","MEDAK","Telangana","Lok Sabha",147000000,30484168,20.74,41,141,22.53,116515832,49,49,0,"N/A"
"Shri Jugal Kishore Sharma","JAMMU","Jammu And Kashmir","Lok Sabha",147000000,30369749,20.66,42,169,19.91,116630251,96,95,1,"N/A"
"Smt Aparajita Sarangi","BHUBANESWAR","Odisha","Lok Sabha",147420861.41,30447444,20.65,47,230,16.97,116973417.41,212,189,23,"N/A"
"DARSHAN SINGH CHOUDHARY","HOSHANGABAD","Madhya Pradesh","Lok Sabha",147000000,29992552,20.4,49,348,12.34,117007448,313,296,17,"N/A"
"ANANTA NAYAK","KEONJHAR","Odisha","Lok Sabha",147000000,29211360,19.87,17,323,5,117788640,448,433,15,"N/A"
"ADV K FRANCIS GEORGE","KOTTAYAM","Kerala","Lok Sabha",188722256.11,37467974,19.85,53,298,15.1,151254282.11,82,78,4,"N/A"
"Arvind Ganpat Sawant","MUMBAI SOUTH","Maharashtra","Lok Sabha",147000000,28859509,19.63,14,46,23.33,118140491,18,18,0,"N/A"
"DR KALGE SHIVAJI BANDAPPA","LATUR","Maharashtra","Lok Sabha",147000000,28846420,19.62,26,89,22.61,118153580,34,32,2,"N/A"
"Vijay Kumar Hansdak","RAJMAHAL","Jharkhand","Lok Sabha",147223957.11,28886697,19.62,0,468,0,118337260.11000001,302,302,0,"N/A"
"NARESH CHANDRA UTTAM PATEL","FATEHPUR","Uttar Pradesh","Lok Sabha",147000000,28783210,19.58,10,74,11.9,118216790,49,43,6,"N/A"
"Ramvir Singh Bidhuri","SOUTH DELHI","Delhi","Lok Sabha",147559100,28849836,19.55,41,82,33.33,118709264,48,48,0,"N/A"
"Shri Benny Behanan","CHALAKUDY","Kerala","Lok Sabha",147000000,28691022,19.52,13,157,7.65,118308978,33,30,3,"N/A"
"Adv Adoor Prakash ","ATTINGAL","Kerala","Lok Sabha",147000000,28617364,19.47,108,337,24.27,118382636,115,111,4,"N/A"
"T Sumathy (A) Thamizhachi Thangapandian ","CHENNAI SOUTH","Tamil Nadu","Lok Sabha",147000000,28530278,19.41,5,25,16.67,118469722,25,25,0,"N/A"
"RAJPALSINH MAHENDRASINH JADAV","PANCHMAHAL","Gujarat","Lok Sabha",147000000,28356198,19.29,89,372,19.31,118643802,132,107,25,"N/A"
"SURESH KUMAR SHETKAR","ZAHIRABAD","Telangana","Lok Sabha",147000000,28174768,19.17,64,291,18.03,118825232,120,120,0,"N/A"
"K RADHAKRISHNAN","ALATHUR","Kerala","Lok Sabha",147000000,28066021,19.09,15,171,8.06,118933979,30,30,0,"N/A"
"ABDUL RASHID SHEIKH","BARAMULLAH","Jammu And Kashmir","Lok Sabha",147000000,27714021,18.85,44,114,27.85,119285979,70,67,3,"N/A"
"Prabhubhai Nagarbhai Vasava","BARDOLI","Gujarat","Lok Sabha",147000000,27468376,18.69,62,253,19.68,119531624,84,83,1,"N/A"
"KADIYAM KAVYA","WARANGEL","Telangana","Lok Sabha",147000000,27189421,18.5,53,161,24.77,119810579,73,73,0,"N/A"
"Shri Rajmohan Unnithan ","KASARAGOD","Kerala","Lok Sabha",156754633.11,28932795,18.46,56,151,27.05,127821838.11000001,120,111,9,"N/A"
"AZAD KIRTI JHA","BARDHAMAN-DURGAPUR","West Bengal","Lok Sabha",179658399.98,33156887,18.46,6,106,5.36,146501512.98,30,29,1,"N/A"
"Anto Antony","PATHANAMTHITTA","Kerala","Lok Sabha",147000000,26984855,18.36,60,296,16.85,120015145,78,76,2,"N/A"
"Shri Kumbakudi Sudhakaran","KANNUR","Kerala","Lok Sabha",147000000,26785182,18.22,61,232,20.82,120214818,98,77,21,"N/A"
"RAHUL GANDHI","RAE BARELI","Uttar Pradesh","Lok Sabha",147000000,26686627,18.15,74,118,38.54,120313373,150,122,28,"N/A"
"SELJA","SIRSA","Haryana","Lok Sabha",147000000,26636075,18.12,59,251,19.03,120363925,152,135,17,"N/A"
"Praveen Khandelwal","CHANDINI CHOWK","Delhi","Lok Sabha",147470276,26487847,17.96,35,34,50.72,120982429,42,42,0,"N/A"
"MUKESHKUMAR CHANDRAKAANT DALAL","SURAT","Gujarat","Lok Sabha",147000000,26395724,17.96,92,128,41.82,120604276,112,112,0,"N/A"
"Jaswantsinh Sumanbhai Bhabhor","DAHOD","Gujarat","Lok Sabha",147000000,26203905,17.83,68,327,17.22,120796095,89,84,5,"N/A"
"C.M.RAMESH","ANAKAPALLE","Andhra Pradesh","Lok Sabha",202531656.11,36002667,17.78,20,75,21.05,166528989.11,42,38,4,"N/A"
"CHARANJIT SINGH CHANNI","JALANDHAR","Punjab","Lok Sabha",147000000,26022604,17.7,58,151,27.75,120977396,205,205,0,"N/A"
"Smt Poonamben Hematbhai Maadam","JAMNAGAR","Gujarat","Lok Sabha",147000000,25917848,17.63,45,134,25.14,121082152,60,55,5,"N/A"
"GENIBEN NAGAJI THAKOR","BANASKANTHA","Gujarat","Lok Sabha",147000000,25832765,17.57,41,127,24.4,121167235,66,65,1,"N/A"
"Dilip Saikia","Darrang-Udalguri","Assam","Lok Sabha",147000000,25726095,17.5,5,225,2.17,121273905,148,146,2,"N/A"
"NIMUBEN JAYANTIBHAI BAMBHANIYA","BHAVNAGAR","Gujarat","Lok Sabha",147000000,25662379,17.46,28,34,45.16,121337621,34,34,0,"N/A"
"MANISH TEWARI","CHANDIGARH","Chandigarh","Lok Sabha",178351443.75,31109435,17.44,31,81,27.68,147242008.75,129,121,8,"N/A"
"Thiru Dayanidhi Maran","CHENNAI CENTRAL","Tamil Nadu","Lok Sabha",147000000,25568733,17.39,4,8,33.33,121431267,7,7,0,"N/A"
"Om Birla","KOTA","Rajasthan","Lok Sabha",163906956.6,28500390,17.39,15,46,24.59,135406566.6,91,90,1,"N/A"
"Smt Sandhya Ray","BHIND","Madhya Pradesh","Lok Sabha",147000000,25218035,17.16,61,68,47.29,121781965,158,158,0,"N/A"
"MIAN ALTAF AHMAD","ANANTNAG","Jammu And Kashmir","Lok Sabha",147000000,24523857,16.68,14,113,11.02,122476143,35,35,0,"N/A"
"Harsh Malhotra","EAST DELHI","Delhi","Lok Sabha",147134131,24390277,16.58,51,61,45.54,122743854,57,55,2,"N/A"
"SHAMBHAVI","SAMASTIPUR","Bihar","Lok Sabha",147000000,24196418,16.46,16,111,12.6,122803582,32,22,10,"N/A"
"NILESH DNYANDEV LANKE","AHMEDNAGAR","Maharashtra","Lok Sabha",147000000,23809461,16.2,12,73,14.12,123190539,17,17,0,"N/A"
"LAXMIKANT PAPPU NISHAD","SANT KABIR NAGAR","Uttar Pradesh","Lok Sabha",147000000,23806477,16.19,2,503,0.4,123193523,33,8,25,"N/A"
"Krishan Pal Gurjar","FARIDABAD","Haryana","Lok Sabha",147000000,23658961,16.09,6,76,7.32,123341039,46,45,1,"N/A"
"Shri Sarbananda Sonowal (18LS)","DIBRUGARH","Assam","Lok Sabha",147000000,23630250,16.08,3,84,3.45,123369750,62,54,8,"N/A"
"Vaithilingam Ve","Puducherry","Puducherry","Lok Sabha",209368972.11,33557935,16.03,13,62,17.33,175811037.11,27,22,5,"N/A"
"G. KUMAR NAIK","RAICHUR","Karnataka","Lok Sabha",147000000,23521564,16,9,119,7.03,123478436,46,44,2,"N/A"
"ASHISH DUBEY","JABALPUR","Madhya Pradesh","Lok Sabha",147000000,23263814,15.83,15,328,4.37,123736186,138,134,4,"N/A"
"AVIMANYU SETHI","BHADRAK","Odisha","Lok Sabha",147000000,23107575,15.72,27,251,9.71,123892425,67,65,2,"N/A"
"Smt Supriya Sadanand Sule","BARAMATI","Maharashtra","Lok Sabha",147000000,23046333,15.68,10,116,7.94,123953667,32,31,1,"N/A"
"Khalilur Rahaman ","JANGIPUR","West Bengal","Lok Sabha",147000000,23028217,15.67,31,76,28.97,123971783,44,33,11,"N/A"
"DINESHBHAI MAKWANA","AHMEDABAD WEST","Gujarat","Lok Sabha",160434965.11,25122452,15.66,2,205,0.97,135312513.11,4,4,0,"N/A"
"Nityanand Rai","UJJARPUR","Bihar","Lok Sabha",147000000,22994739,15.64,40,54,42.55,124005261,50,48,2,"N/A"
"NARAYAN TATU RANE","RATNAGIRI-SINDHUDURG","Maharashtra","Lok Sabha",147000000,22993974,15.64,25,70,26.32,124006026,39,36,3,"N/A"
"Rao Inderjit Singh","GURGAON","Haryana","Lok Sabha",147000000,22744840,15.47,14,34,29.17,124255160,28,20,8,"N/A"
"DR. KIRSAN NAMDEO","GADCHIROLI-CHIMUR","Maharashtra","Lok Sabha",147000000,22599453,15.37,18,148,10.84,124400547,26,26,0,"N/A"
"Shri Hibi Eden","ERNAKULAM","Kerala","Lok Sabha",162177260.11,24928980,15.37,18,94,16.07,137248280.11,34,34,0,"N/A"
"Appalanaidu Kalisetti","VIZIANAGARAM","Andhra Pradesh","Lok Sabha",147000000,22325622,15.19,36,67,34.95,124674378,56,54,2,"N/A"
"Omprakash Bhupalsinh Alias Pawan Rajenimbalkar","OSMANABAD","Maharashtra","Lok Sabha",184758519.11,27342263,14.8,29,164,15.03,157416256.11,43,39,4,"N/A"
"DR. SHARMILA SARKAR","BARDHAMAN PURBA","West Bengal","Lok Sabha",147000000,21224009,14.44,17,94,15.32,125775991,33,25,8,"N/A"
"MANJU SHARMA","JAIPUR","Rajasthan","Lok Sabha",167082901.11,23994861,14.36,15,54,21.74,143088040.11,31,28,3,"N/A"
"RAMASAHAYAM RAGHURAM REDDY","KHAMMAM","Telangana","Lok Sabha",147000000,20924125,14.23,18,194,8.49,126075875,45,40,5,"N/A"
"AGA SYED RUHULLAH MEHDI","SRINAGAR","Jammu And Kashmir","Lok Sabha",147000000,20822671,14.17,62,136,31.31,126177329,80,65,15,"N/A"
"Bansuri Swaraj","NEW DELHI","Delhi","Lok Sabha",154306950,21775293,14.11,41,69,37.27,132531657,46,44,2,"N/A"
"VISHAL","SANGLI","Maharashtra","Lok Sabha",147000000,20615077,14.02,11,73,13.1,126384923,21,20,1,"N/A"
"Shri Sudheer Gupta ","MANDSOUR","Madhya Pradesh","Lok Sabha",148988014.83,20845844,13.99,60,163,26.91,128142170.83000001,169,168,1,"N/A"
"Amol Ramsing Kolhe","SHIRUR","Maharashtra","Lok Sabha",147000000,20561770,13.99,15,96,13.51,126438230,25,25,0,"N/A"
"KARTICK CHANDRA PAUL","RAIGANJ","West Bengal","Lok Sabha",202677986.56,28148611,13.89,99,302,24.69,174529375.56,102,102,0,"N/A"
"SHIVMANGAL SINGH TOMAR","MORENA","Madhya Pradesh","Lok Sabha",147000000,20290158,13.8,28,38,42.42,126709842,90,90,0,"N/A"
"Pralhad Venkatesh Joshi","DHARWAD","Karnataka","Lok Sabha",147000000,20265814,13.79,28,174,13.86,126734186,65,55,10,"N/A"
"MURARI LAL MEENA","DAUSA","Rajasthan","Lok Sabha",147000000,19705174,13.4,16,96,14.29,127294826,72,70,2,"N/A"
"Dr Sukanta Majumdar ","BALURGHAT","West Bengal","Lok Sabha",157085364.9,21003612,13.37,33,153,17.74,136081752.9,41,41,0,"N/A"
"BHAUSAHEB RAJARAM WAKCHAURE","SHIRDI","Maharashtra","Lok Sabha",147000000,19420448,13.21,11,126,8.03,127579552,32,32,0,"N/A"
"Sanjay Uttamrao Deshmukh","YAVATMAL-WASHIM","Maharashtra","Lok Sabha",185640423,24518118,13.21,23,101,18.55,161122305,42,41,1,"N/A"
"MURLIDHAR MOHOL","PUNE","Maharashtra","Lok Sabha",147000000,18945481,12.89,12,87,12.12,128054519,19,19,0,"N/A"
"Manoj Tiwari","NORTH EAST DELHI","Delhi","Lok Sabha",225843858,28650238,12.69,6,17,26.09,197193620,9,9,0,"N/A"
"Anurag Singh Thakur","HAMIRPUR","Himachal Pradesh","Lok Sabha",149570117.11,18376823,12.29,45,162,21.74,131193294.11000001,231,224,7,"N/A"
"PRIYANKA SATISH JARKIHOLI","CHIKKODI","Karnataka","Lok Sabha",147000000,17833577,12.13,16,143,10.06,129166423,34,32,2,"N/A"
"BAIJAYANT PANDA","KENDRAPARA","Odisha","Lok Sabha",147000000,17127535,11.65,8,48,14.29,129872465,28,27,1,"N/A"
"MANOHAR LAL","KARNAL","Haryana","Lok Sabha",147000000,16619897,11.31,1,19,5,130380103,13,13,0,"N/A"
"VAMSI KRISHNA GADDAM","PEDDAPALLE","Telangana","Lok Sabha",148451721.11,16373473,11.03,9,62,12.68,132078248.11000001,22,22,0,"N/A"
"SHRIMANT CHH UDAYANRAJE PRATAPSINHAMAHARAJ BHONSLE","SATARA","Maharashtra","Lok Sabha",147000000,16135149,10.98,16,118,11.94,130864851,21,20,1,"N/A"
"BIBHU PRASAD TARAI","JAGATSINGHPUR","Odisha","Lok Sabha",147000000,16033683,10.91,15,324,4.42,130966317,74,73,1,"N/A"
"SURESH GOPI","THRISSUR","Kerala","Lok Sabha",147000000,16001891,10.89,15,75,16.67,130998109,21,21,0,"N/A"
"SHAFI PARAMBIL","VADAKARA","Kerala","Lok Sabha",147000000,15909800,10.82,15,228,6.17,131090200,56,54,2,"N/A"
"VARUN CHAUDHRY","AMBALA","Haryana","Lok Sabha",255454264,27537055,10.78,3,154,1.91,227917209,104,99,5,"N/A"
"Ram Shiromani","SHRAWASTI","Uttar Pradesh","Lok Sabha",151746878.11,16300060,10.74,0,1356,0,135446818.11,58,3,55,"N/A"
"EATALA RAJENDER","MALKAJGIRI","Telangana","Lok Sabha",327477390.86,34708670,10.6,29,268,9.76,292768720.86,59,52,7,"N/A"
"BISHNU PADA RAY","ANDAMAN AND NICOBAR ISLANDS","Andaman And Nicobar Islands","Lok Sabha",147000000,15498347,10.54,0,27,0,131501653,9,9,0,"N/A"
"Shripad Yesso Naik","NORTH GOA","Goa","Lok Sabha",147000000,15476370,10.53,1,110,0.9,131523630,25,25,0,"N/A"
"SAGAR ESHWAR KHANDRE","BIDAR","Karnataka","Lok Sabha",147000000,15422826,10.49,5,173,2.81,131577174,50,46,4,"N/A"
"DHANORKAR PRATIBHA SURESH ALIAS BALUBHAU","CHANDRAPUR","Maharashtra","Lok Sabha",147000000,14990871,10.2,7,69,9.21,132009129,14,14,0,"N/A"
"BALABHADRA MAJHI","NABARANGPUR","Odisha","Lok Sabha",147413962.11,14970212,10.16,20,200,9.09,132443750.11000001,128,105,23,"N/A"
"Krishna Prasad Tenneti","BAPATLA","Andhra Pradesh","Lok Sabha",167796849.11,16927605,10.09,6,118,4.84,150869244.11,23,21,2,"N/A"
"E. TUKARAM","BELLARY","Karnataka","Lok Sabha",147000000,14535937,9.89,2,89,2.2,132464063,25,24,1,"N/A"
"Daggubati Purandeshwari","RAJAHMUNDRY","Andhra Pradesh","Lok Sabha",147000000,14394558,9.79,3,26,10.34,132605442,13,12,1,"N/A"
"Balashowry Vallabbhaneni","MACHILIPATNAM","Andhra Pradesh","Lok Sabha",147000000,14363941,9.77,9,52,14.75,132636059,26,24,2,"N/A"
"Rao Rajendra Singh","JAIPUR RURAL","Rajasthan","Lok Sabha",147000000,14160844,9.63,10,94,9.62,132839156,35,34,1,"N/A"
"Prof Sougata Ray","DUM DUM","West Bengal","Lok Sabha",147000000,14046615,9.56,12,40,23.08,132953385,17,17,0,"N/A"
"SMITA UDAY WAGH","JALGAON","Maharashtra","Lok Sabha",148107373.11,14030677,9.47,9,1,90,134076696.11000001,9,9,0,"N/A"
"ANITA SUBHADARSHINI","ASKA","Odisha","Lok Sabha",147000000,13418448,9.13,17,123,12.14,133581552,34,32,2,"N/A"
"BACHHAV SHOBHA DINESH","DHULE","Maharashtra","Lok Sabha",147000000,13135243,8.94,13,79,14.13,133864757,14,12,2,"N/A"
"DR. PRASHANT YADAORAO PADOLE","BHANDARA-GONDIYA","Maharashtra","Lok Sabha",159680283.39,14261839,8.93,8,144,5.26,145418444.39,20,18,2,"N/A"
"Kamaljeet Sehrawat","WEST DELHI","Delhi","Lok Sabha",147000000,13075365,8.89,31,32,49.21,133924635,34,33,1,"N/A"
"BHARAT SINGH KUSHWAH","GWALIOR","Madhya Pradesh","Lok Sabha",151455276.04,13426652,8.87,4,112,3.45,138028624.04,40,38,2,"N/A"
"DR. M.P ABDUSSAMAD SAMADANI","PONNANI","Kerala","Lok Sabha",170434031.11,15076499,8.85,48,276,14.81,155357532.11,53,52,1,"N/A"
"Shri PP Chaudhary","PALI","Rajasthan","Lok Sabha",147000000,12964180,8.82,8,34,19.05,134035820,143,142,1,"N/A"
"Ravindra Shyamnarayan Alias Ravi Kishan Shukla","GORAKHPUR","Uttar Pradesh","Lok Sabha",147000000,12572509,8.55,0,9,0,134427491,10,10,0,"N/A"
"Ramesh Chandappa Jigajinagi","BIJAPUR","Karnataka","Lok Sabha",269500000,22898132,8.5,0,362,0,246601868,115,94,21,"N/A"
"TANGELLA UDAY SRINIVAS","KAKINADA","Andhra Pradesh","Lok Sabha",199417886.76,16907864,8.48,6,16,27.27,182510022.76,10,10,0,"N/A"
"Dr Jayanta Kumar Roy","JALPAIGURI","West Bengal","Lok Sabha",147000000,12082736,8.22,2,16,11.11,134917264,5,5,0,"N/A"
"KAMAKHYA PRASAD TASA","Kaziranga","Assam","Lok Sabha",147000000,11985122,8.15,0,88,0,135014878,34,31,3,"N/A"
"Shri Jyotirmay Singh Mahato ","PURULIA","West Bengal","Lok Sabha",147000000,11711831,7.97,15,92,14.02,135288169,31,31,0,"N/A"
"Shri Amit Shah","GANDHINAGAR","Gujarat","Lok Sabha",147000000,11529274,7.84,22,96,18.64,135470726,27,27,0,"N/A"
"MANOJ TIGGA","ALIPURDUARS","West Bengal","Lok Sabha",147000000,11379773,7.74,0,90,0,135620227,17,17,0,"N/A"
"Vishnu Dutt Sharma","KHAJURAHO","Madhya Pradesh","Lok Sabha",147000000,11209947,7.63,3,132,2.22,135790053,21,13,8,"N/A"
"Asaduddin Owaisi","HYDERABAD","Telangana","Lok Sabha",147000000,11172317,7.6,1,17,5.56,135827683,7,7,0,"N/A"
"KULDEEP INDORA","GANGANAGAR","Rajasthan","Lok Sabha",147000000,11119729,7.56,2,90,2.17,135880271,53,33,20,"N/A"
"Yogendra Chandoliya","NORTH WEST DELHI","Delhi","Lok Sabha",147876307,10961614,7.41,11,48,18.64,136914693,14,14,0,"N/A"
"Magunta Sreenivasulu Reddy","ONGOLE","Andhra Pradesh","Lok Sabha",147000000,9854157,6.7,1,18,5.26,137145843,9,8,1,"N/A"
"JAGADISH SHETTAR","BELGAUM","Karnataka","Lok Sabha",147000000,9847651,6.7,1,171,0.58,137152349,29,21,8,"N/A"
"Sribharat MathuKumli","VISAKHAPATNAM","Andhra Pradesh","Lok Sabha",164841922,10903207,6.61,0,40,0,153938715,15,15,0,"N/A"
"DHARMENDRA PRADHAN","SAMBALPUR","Odisha","Lok Sabha",147000000,9704141,6.6,2,116,1.69,137295859,31,21,10,"N/A"
"P C Mohan","BANGALORE CENTRAL","Karnataka","Lok Sabha",159995711.11,10439505,6.52,2,17,10.53,149556206.11,21,21,0,"N/A"
"Shri M K Raghavan","KOZHIKODE","Kerala","Lok Sabha",147000000,9365325,6.37,14,254,5.22,137634675,26,24,2,"N/A"
"TRIVENDRA SINGH RAWAT","HARDWAR","Uttarakhand","Lok Sabha",147000000,9309458,6.33,3,41,6.82,137690542,16,16,0,"N/A"
"RABINDRA NARAYAN BEHERA","JAJPUR","Odisha","Lok Sabha",147064617.11,9146086,6.22,3,190,1.55,137918531.11,41,41,0,"N/A"
"ISHA KHAN CHOUDHURY","MALDAHA DAKSHIN","West Bengal","Lok Sabha",147000000,8567025,5.83,25,99,20.16,138432975,25,25,0,"N/A"
"PRANITI SUSHILKUMAR SHINDE","SOLAPUR","Maharashtra","Lok Sabha",147000000,8440395,5.74,2,122,1.61,138559605,9,9,0,"N/A"
"DR. HEMANT VISHNU SAVARA","PALGHAR","Maharashtra","Lok Sabha",147000000,8415952,5.73,1,84,1.18,138584048,11,10,1,"N/A"
"PATHAN YUSUF","BAHARAMPUR","West Bengal","Lok Sabha",147000000,7860897,5.35,1,144,0.69,139139103,6,4,2,"N/A"
"ANIL YESHWANT DESAI","MUMBAI SOUTH CENTRAL","Maharashtra","Lok Sabha",147000000,7792570,5.3,0,34,0,139207430,4,3,1,"N/A"
"Dhairyasheel Sambhajirao Mane","HATKANANGLE","Maharashtra","Lok Sabha",147000000,7519206,5.12,4,13,23.53,139480794,5,5,0,"N/A"
"BHAJAN LAL JATAV","KARAULI-DHOLPUR","Rajasthan","Lok Sabha",147000000,7253086,4.93,11,41,21.15,139746914,139,139,0,"N/A"
"KUNDURU RAGHUVEER","NALGONDA","Telangana","Lok Sabha",162952022,7766945,4.77,6,23,20.69,155185077,9,9,0,"N/A"
"MOHITE PATIL DHAIRYASHEEL RAJSINH","MADHA","Maharashtra","Lok Sabha",195613601.7,8828612,4.51,41,218,15.83,186784989.7,41,41,0,"N/A"
"Sivanath Kesineni","VIJAYAWADA","Andhra Pradesh","Lok Sabha",147000000,6329561,4.31,1,28,3.45,140670439,3,3,0,"N/A"
"Dushyant Singh","JHALAWAR-BARAN","Rajasthan","Lok Sabha",147000000,6025816,4.1,0,27,0,140974184,26,25,1,"N/A"
"Khagen Murmu","MALDAHA UTTAR","West Bengal","Lok Sabha",147000000,6003169,4.08,7,31,18.42,140996831,7,7,0,"N/A"
"Shri Shantanu Thakur ","BANGAON","West Bengal","Lok Sabha",147000000,5993836,4.08,8,50,13.79,141006164,8,8,0,"N/A"
"SANJAY DINA PATIL","MUMBAI NORTH EAST","Maharashtra","Lok Sabha",147000000,5955517,4.05,0,40,0,141044483,3,2,1,"N/A"
"Smt Raksha Nikhil Khadse","RAVER","Maharashtra","Lok Sabha",153112586.11,5871973,3.84,3,6,33.33,147240613.11,3,3,0,"N/A"
"Mohamed Haneefa","LADAKH","Ladakh","Lok Sabha",161114542,6009392,3.73,0,55,0,155105150,8,8,0,"N/A"
"PARIMAL SUKLABAIDYA","SILCHAR","Assam","Lok Sabha",148300157.11,5386762,3.63,0,153,0,142913395.11,10,10,0,"N/A"
"Shyamkumar","RAMTEK","Maharashtra","Lok Sabha",147000000,5141086,3.5,1,34,2.86,141858914,6,5,1,"N/A"
"Kishan Reddy Gangapuram","SECUNDERABAD","Telangana","Lok Sabha",147000000,4754322,3.23,0,38,0,142245678,5,5,0,"N/A"
"Chandra Prakash Joshi","CHITTORGARH","Rajasthan","Lok Sabha",147000000,4660559,3.17,10,186,5.1,142339441,41,41,0,"N/A"
"SELVAGANAPATHI T M","SALEM","Tamil Nadu","Lok Sabha",147000000,4244214,2.89,0,17,0,142755786,2,1,1,"N/A"
"Smt Sangeeta Kumari Singh Deo","BOLANGIR","Odisha","Lok Sabha",147000000,4193424,2.85,3,225,1.32,142806576,14,13,1,"N/A"
"Ajay Tamta","ALMORA","Uttarakhand","Lok Sabha",147000000,4019091,2.73,3,139,2.11,142980909,86,60,26,"N/A"
"RADHAKRISHNA","GULBARGA","Karnataka","Lok Sabha",147000000,3254664,2.21,0,29,0,143745336,2,2,0,"N/A"
"VIVEK THAKUR","NAWADA","Bihar","Lok Sabha",147000000,3164487,2.15,1,85,1.16,143835513,5,4,1,"N/A"
"RUDRA NARAYAN PANY","DHENKANAL","Odisha","Lok Sabha",155013957.11,3039057,1.96,0,79,0,151974900.11,22,22,0,"N/A"
"ANIL BALUNI","GARHWAL","Uttarakhand","Lok Sabha",147000000,2739441,1.86,1,11,8.33,144260559,8,8,0,"N/A"
"Pratap Chandra Sarangi","BALASORE","Odisha","Lok Sabha",147064254.11,2525000,1.72,10,117,7.87,144539254.11,10,10,0,"N/A"
"Lavu Sri Krishna Devarayalu","NARASARAOPET","Andhra Pradesh","Lok Sabha",174009663.11,2402685,1.38,1,130,0.76,171606978.11,4,4,0,"N/A"
"Nishikant Dubey","GODDA","Jharkhand","Lok Sabha",147000000,1785510,1.21,0,2,0,145214490,1,1,0,"N/A"
"Prataprao Jadhav","BULDHANA","Maharashtra","Lok Sabha",147000000,1208028,0.82,0,68,0,145791972,2,2,0,"N/A"
"Gajendra Singh Shekhawat","JODHPUR","Rajasthan","Lok Sabha",147000000,491827,0.33,0,33,0,146508173,1,1,0,"N/A"
"Shrikant Eknath Shinde","KALYAN","Maharashtra","Lok Sabha",147000000,325000,0.22,0,2,0,146675000,1,1,0,"N/A"
"Rajiv Pratap Rudy","SARAN","Bihar","Lok Sabha",147000000,0,0,0,12,0,147000000,0,0,0,"N/A"
"NARESH GANPAT MHASKE","THANE","Maharashtra","Lok Sabha",147000000,0,0,0,0,0,147000000,0,0,0,"N/A"
"Kalaben Mohanbhai Delkar","DADRA & NAGAR HAVELI","The Dadra And Nagar Haveli And Daman And Diu","Lok Sabha",147000000,0,0,0,2,0,147000000,0,0,0,"N/A"
"DR. PRADEEP KUMAR PANIGRAHY","BERHAMPUR","Odisha","Lok Sabha",147000000,0,0,0,111,0,147000000,0,0,0,"N/A"
"MISHA BHARTI","PATALIPUTRA","Bihar","Lok Sabha",147000000,0,0,0,0,0,147000000,0,0,0,"N/A"
"MANISH JAISWAL","HAZARIBAGH","Jharkhand","Lok Sabha",147000000,0,0,0,164,0,147000000,0,0,0,"N/A"
"Sanjay Jaiswal","PASCHIM CHAMPARAN","Bihar","Lok Sabha",147000000,0,0,0,0,0,147000000,0,0,0,"N/A"
"Bhupathiraju Srinivasa varma","NARASAPURAM","Andhra Pradesh","Lok Sabha",147000000,0,0,0,1,0,147000000,0,0,0,"N/A"
"HARISH CHANDRA MEENA","TONK-SAWAI MADHOPUR","Rajasthan","Lok Sabha",147000000,0,0,0,0,0,147000000,0,0,0,"N/A"
"Rajiv Ranjan (Lalan) Singh","MUNGER","Bihar","Lok Sabha",147000000,0,0,0,1,0,147000000,0,0,0,"N/A"
"CHAVAN VASANTRAO BALWANTRAO","NANDED","Maharashtra","Lok Sabha",0,0,0,0,0,0,0,0,0,0,"N/A"
"PATEL UMESHBHAI BABUBHAI","DAMAN and DIU","The Dadra And Nagar Haveli And Daman And Diu","Lok Sabha",245063957,0,0,0,61,0,245063957,0,0,0,"N/A"